<beans xmlns="http://www.springframework.org/schema/beans"
	xmlns:context="http://www.springframework.org/schema/context"
	xmlns:mvc="http://www.springframework.org/schema/mvc" xmlns:xsi="http://www.w3.org/2001/XMLSchema-instance"
	xmlns:tx="http://www.springframework.org/schema/tx" xmlns:beans="http://www.springframework.org/schema/beans"
	xsi:schemaLocation="
        http://www.springframework.org/schema/beans     
        http://www.springframework.org/schema/beans/spring-beans-3.0.xsd
        http://www.springframework.org/schema/context 
        http://www.springframework.org/schema/context/spring-context-3.0.xsd
        http://www.springframework.org/schema/mvc
        http://www.springframework.org/schema/mvc/spring-mvc-3.0.xsd
        http://www.springframework.org/schema/tx
        http://www.springframework.org/schema/tx/spring-tx-3.0.xsd
        http://www.springframework.org/schema/beans http://www.springframework.org/schema/beans/spring-beans.xsd">

	<context:component-scan base-package="project" />
	<mvc:annotation-driven />

	<!-- <beans:bean	class="org.springframework.web.servlet.view.ContentNegotiatingViewResolver"> -->
<!-- 		<beans:property name="mediaTypes">
			<beans:map>
				<beans:entry key="atom" value="application/atom+xml" />
				<beans:entry key="html" value="text/html" />
			</beans:map>
		</beans:property> -->
<!-- 		<beans:property name="defaultViews">
			<beans:list>
				<beans:bean	class="org.springframework.web.servlet.view.json.MappingJackson2JsonView" />
			</beans:list>
		</beans:property> -->
<!-- 		<beans:property name="viewResolvers">
			<beans:list>
				<beans:bean	class="org.springframework.web.servlet.view.BeanNameViewResolver" />
				<beans:bean	class="org.springframework.web.servlet.view.InternalResourceViewResolver">
					<beans:property name="prefix" value="/WEB-INF/views/" />
					<beans:property name="suffix" value=".jsp" />
				</beans:bean>
			</beans:list>
		</beans:property> -->
	<!-- </beans:bean> -->

</beans>